{
    "idioma": [
        {
            "idioma": "Español",
            "Cabecera": {
                "tareas": "Tareas",
                "listas": "Listas",
                "idioma": "Idioma",
                "notas": "Notas",
                "cuenta": "Cuenta",
                "ajustes": "Ajustes",
                "cerrar_sesion": "Cerrar sesión"
            },
            "Pagina_tareas": {
                "titulo": "Tareas",
                "seleccionar_lista": "Seleccionar lista",
                "crear_tarea": "Crear tarea",
                "titulo_tarea": "Título tarea",
                "prioridad": "Prioridad",
                "baja": "Baja",
                "media": "Media",
                "alta": "Alta",
                "descripcion": "Descripción",
                "fecha": "Fecha",
                "editar_tarea": "Editar tarea",
                "borrar_tarea": "Borrar tarea",
                "pregunta_borrar_tarea": "¿Seguro que quiere borrar la tarea?",
                "titulo_supera_caracteres": "El título no puede superar los 50 caracteres",
                "titulo_no_valido": "El título no es válido",
                "fecha_no_valida": "La fecha no es válida, debe estar entre el año 2000-3000",
                "descripcion_supera_caracteres": "La descripción no puede superar los 500 caracteres",
                "descripcion_no_valida": "La descripción de no es válida",
                "tarea_creada": "Tarea creada",
                "tarea_no_creada": "No se ha podido crear la tarea",
                "tarea_editada": "Tarea editada",
                "tarea_no_editada": "No se ha podido editar la tarea",
                "tarea_borrada": "Tarea borrada",
                "tarea_no_borrada": "No se ha podido borrar la tarea",
                "mostrar_tareas_completadas": "Mostrar tareas completadas",
                "mostrar_tareas_incompletas": "Mostrar tareas incompletas",
                "mostrar_prioridad_baja": "Mostrar tareas prioridad baja",
                "mostrar_prioridad_media": "Mostrar tareas prioridad media",
                "mostrar_prioridad_alta": "Mostrar tareas prioridad alta",
                "mostrar_tareas_az": "Mostrar tareas ordenadas por el título de la A a la Z",
                "mostrar_tareas_za": "Mostrar tareas ordenadas por el título de la Z a la A",
                "mostrar_tareas_19": "Mostrar tareas ordenadas por la fecha de menor a mayor",
                "mostrar_tareas_91": "Mostrar tareas ordenadas por la fecha de mayor a menor",
                "marcar_completa_incompleta": "Marcar tarea como completa o incompleta",
                "ver_tarea": "Ver tarea",
                "lista_no_seleccionada": "Debe seleccionar una lista"
            },
            "Pagina_listas": {
                "titulo": "Listas",
                "titulo_lista": "Título lista",
                "editar_lista": "Editar lista",
                "borrar_lista": "Borrar lista",
                "pregunta_borrar_lista": "¿Seguro que quiere borrar la lista?",
                "lista_creada": "Lista creada",
                "titulo_no_valido": "El título de la lista no es válido",
                "lista_no_creada": "No se ha podido crear la lista",
                "lista_editada": "Lista editada",
                "lista_no_editada": "No se ha podido editar la lista",
                "lista_borrada" : "Lista borrada",
                "lista_no_borrada": "La lista no se ha podido borrar",
                "crear_lista": "Crear lista",
                "ver_tareas_lista": "Ver tareas de la lista"
            },
            "Pagina_inicio_registro": {
                "titulo_inicio": "Inicio de sesión",
                "titulo_registro": "Registro",
                "iniciar_sesion": "Iniciar sesión",
                "registrarse": "Registrarse",
                "contrasenia": "Contraseña",
                "repetir_contrasenia": "Repetir contraseña",
                "email_supera_caracteres" : "El email no puede superar los 255 caracteres",
                "email_no_valido": "El email no es válido",
                "email_ya_registrado": "El email ya está registrado",
                "contrasenia_no_coincide": "Las contraseñas no coinciden",
                "contrasenia_invalida" : "Contraseña inválida: requiere mayúsculas, minúsculas, números y entre 4-50 caracteres",
                "cuenta_creada": "Cuenta creada",
                "no_puede_crear_usuario": "No se ha podido crear la cuenta",
                "email_no_registrado": "El email no está registrado",
                "email_contrasenia_no_coinciden": "El email y la contraseña no coincide",
                "confirmar_email": "Confirmar email",
                "introduzca_codigo": "Introduzca el código que se ha enviado a su correo",
                "enviar_codigo": "Enviar código",
                "codigo_incorrecto": "El código introducido es incorrecto",
                "confirmacion_asunto": "Código de verificación para iniciar sesión en TareApp",
                "confirmacion_mensaje": "Hola,\n\nPara completar tu inicio de sesión en TareApp, introduce el siguiente código de verificación en la aplicación:\n\n{codigo}\n\nSi no solicitaste este código, puedes ignorar este mensaje.\n\nSaludos,\nEl equipo de TareApp.",
                "enviando_codigo": "Enviando código..."
            },
            "Pagina_ajustes_cuenta": {
                "titulo_pagina": "Ajustes de la cuenta",
                "cambiar_email": "Cambiar email",
                "cambiar_contrasenia": "Cambiar Contraseña",
                "borrar_cuenta": "Borrar cuenta",
                "nuevo_email": "Nuevo email",
                "repetir_email": "Repetir email",
                "nuevo_contrasenia": "Nueva contraseña",
                "repetir_contrasenia": "Repetir contraseña",
                "pregunta_borrar_cuenta": "¿Seguro que quiere borrar la cuenta?",
                "emails_no_coinciden": "Los emails no coinciden",
                "email_actualizado": "Email actualizado",
                "email_no_actualizado": "No se ha podido actualizar el email",
                "contrasenia_actualizada": "Contraseña actualizada",
                "contrasenia_no_actualizada": "No se ha podido actualizar la contrasenia",
                "cuenta_borrada": "Cuenta borrada",
                "cuenta_no_borrada": "La cuenta no se ha podido borrar"
            },
            "Pagina_notas": {
                "titulo": "Notas",
                "crear_nota": "Crear nota",
                "editar_nota": "Editar nota",
                "borrar_nota": "Borrar nota",
                "pregunta_borrar_nota": "¿Seguro que quiere borrar la nota?",
                "resultado_borrar_nota": "Nota borrada correctamente",
                "nota_creada": "Nota creada",
                "nota_editada": "Nota editada",
                "nota_borrada": "Nota borrada",
                "nota_no_creada": "No se ha podido crear la nota",
                "nota_no_editada": "No se ha podido editar la nota",
                "nota_no_borrada": "No se ha podido borrar la nota",
                "descripcion_supera_caracteres": "La descripción no puede superar los 250 caracteres"
            }
        },
        {
            "idioma": "English",
            "Cabecera": {
                "tareas": "Tasks",
                "listas": "Lists",
                "idioma": "Language",
                "notas": "Notes",
                "cuenta": "Account",
                "ajustes": "Settings",
                "cerrar_sesion": "Log out"
            },
            "Pagina_tareas": {
                "titulo": "Tasks",
                "seleccionar_lista": "Select list",
                "crear_tarea": "Create task",
                "titulo_tarea": "Task title",
                "prioridad": "Priority",
                "baja": "Low",
                "media": "Medium",
                "alta": "High",
                "descripcion": "Description",
                "fecha": "Date",
                "editar_tarea": "Edit task",
                "borrar_tarea": "Delete task",
                "pregunta_borrar_tarea": "Are you sure you want to delete the task?",
                "titulo_supera_caracteres": "The title cannot exceed 50 characters",
                "titulo_no_valido": "The title is not valid",
                "fecha_no_valida": "The date is not valid, it must be between the year 2000-3000",
                "descripcion_supera_caracteres": "The description cannot exceed 500 characters",
                "descripcion_no_valida": "The description is not valid",
                "tarea_creada": "Task created",
                "tarea_no_creada": "The task could not be created",
                "tarea_editada": "Task edited",
                "tarea_no_editada": "The task could not be edited",
                "tarea_borrada": "Task deleted",
                "tarea_no_borrada": "The task could not be deleted",
                "mostrar_tareas_completadas": "Show completed tasks",
                "mostrar_tareas_incompletas": "Show incomplete tasks",
                "mostrar_prioridad_baja": "Show low-priority tasks",
                "mostrar_prioridad_media": "Show medium-priority tasks",
                "mostrar_prioridad_alta": "Show high-priority tasks",
                "mostrar_tareas_az": "Show tasks ordered by title from A to Z",
                "mostrar_tareas_za": "Show tasks ordered by title from Z to A",
                "mostrar_tareas_19": "Show tasks ordered by date from earliest to latest",
                "mostrar_tareas_91": "Show tasks ordered by date from latest to earliest",
                "marcar_completa_incompleta": "Mark task as complete or incomplete",
                "ver_tarea": "View task",
                "lista_no_seleccionada": "You must select a list"
            },
            "Pagina_listas": {
                "titulo": "Lists",
                "titulo_lista": "List title",
                "editar_lista": "Edit list",
                "borrar_lista": "Delete list",
                "pregunta_borrar_lista": "Are you sure you want to delete the list?",
                "lista_creada": "List created",
                "titulo_no_valido": "The list title is not valid",
                "lista_no_creada": "The list could not be created",
                "lista_editada": "List edited",
                "lista_no_editada": "The list could not be edited",
                "lista_borrada": "List deleted",
                "lista_no_borrada": "The list could not be deleted",
                "crear_lista": "Create list",
                "ver_tareas_lista": "View list tasks"
            },
            "Pagina_inicio_registro": {
                "titulo_inicio": "Log in",
                "titulo_registro": "Register",
                "iniciar_sesion": "Log in",
                "registrarse": "Sign up",
                "contrasenia": "Password",
                "repetir_contrasenia": "Repeat password",
                "email_supera_caracteres": "The email cannot exceed 255 characters",
                "email_no_valido": "The email is not valid",
                "email_ya_registrado": "The email is already registered",
                "contrasenia_no_coincide": "Passwords do not match",
                "contrasenia_invalida": "Invalid password: requires uppercase, lowercase, numbers, and between 4-50 characters",
                "cuenta_creada": "Account created",
                "no_puede_crear_usuario": "The user could not be created",
                "email_no_registrado": "The email is not registered",
                "email_contrasenia_no_coinciden": "The email and password do not match",
                "confirmar_email": "Confirm email",
                "introduzca_codigo": "Enter the code sent to your email",
                "enviar_codigo": "Send code",
                "codigo_incorrecto": "The code entered is incorrect",
                "confirmacion_asunto": "Verification code to log in to TareApp",
                "confirmacion_mensaje": "Hello,\n\nTo complete your login to TareApp, enter the following verification code in the application:\n\n{codigo}\n\nIf you did not request this code, you can ignore this message.\n\nBest regards,\nThe TareApp team.",
                "enviando_codigo": "Sending code..."
            },
            "Pagina_ajustes_cuenta": {
                "titulo_pagina": "Account settings",
                "cambiar_email": "Change email",
                "cambiar_contrasenia": "Change password",
                "borrar_cuenta": "Delete account",
                "nuevo_email": "New email",
                "repetir_email": "Repeat email",
                "nuevo_contrasenia": "New password",
                "repetir_contrasenia": "Repeat password",
                "pregunta_borrar_cuenta": "Are you sure you want to delete the account?",
                "emails_no_coinciden": "The emails do not match",
                "email_actualizado": "Email updated",
                "email_no_actualizado": "The email could not be updated",
                "contrasenia_actualizada": "Password updated",
                "contrasenia_no_actualizada": "The password could not be updated",
                "cuenta_borrada": "Account deleted",
                "cuenta_no_borrada": "The account could not be deleted"
            },
            "Pagina_notas": {
                "titulo": "Notes",
                "crear_nota": "Create note",
                "editar_nota": "Edit note",
                "borrar_nota": "Delete note",
                "pregunta_borrar_nota": "Are you sure you want to delete the note?",
                "resultado_borrar_nota": "Note successfully deleted",
                "nota_creada": "Note created",
                "nota_editada": "Note edited",
                "nota_borrada": "Note deleted",
                "nota_no_creada": "The note could not be created",
                "nota_no_editada": "The note could not be edited",
                "nota_no_borrada": "The note could not be deleted",
                "descripcion_supera_caracteres": "The description cannot exceed 250 characters"
            }
        },
        {
            "idioma": "Français",
            "Cabecera": {
                "tareas": "Tâches",
                "listas": "Listes",
                "idioma": "Langue",
                "notas": "Notes",
                "cuenta": "Compte",
                "ajustes": "Paramètres",
                "cerrar_sesion": "Se déconnecter"
            },
            "Pagina_tareas": {
                "titulo": "Tâches",
                "seleccionar_lista": "Sélectionner une liste",
                "crear_tarea": "Créer une tâche",
                "titulo_tarea": "Titre de la tâche",
                "prioridad": "Priorité",
                "baja": "Bas",
                "media": "Médias",
                "alta": "Élevé",
                "descripcion": "Description",
                "fecha": "Date",
                "editar_tarea": "Modifier la tâche",
                "borrar_tarea": "Supprimer la tâche",
                "pregunta_borrar_tarea": "Êtes-vous sûr de vouloir supprimer la tâche?",
                "titulo_supera_caracteres": "Le titre ne peut pas dépasser 50 caractères",
                "titulo_no_valido": "Le titre n'est pas valide",
                "fecha_no_valida": "La date n'est pas valide, elle doit être comprise entre l'année 2000 et 3000",
                "descripcion_supera_caracteres": "La description ne peut pas dépasser 500 caractères",
                "descripcion_no_valida": "La description n'est pas valide",
                "tarea_creada": "Tâche créée",
                "tarea_no_creada": "La tâche n'a pas pu être créée",
                "tarea_editada": "Tâche modifiée",
                "tarea_no_editada": "La tâche n'a pas pu être modifiée",
                "tarea_borrada": "Tâche supprimée",
                "tarea_no_borrada": "La tâche n'a pas pu être supprimée",
                "mostrar_tareas_completadas": "Afficher les tâches terminées",
                "mostrar_tareas_incompletas": "Afficher les tâches incomplètes",
                "mostrar_prioridad_baja": "Afficher les tâches à faible priorité",
                "mostrar_prioridad_media": "Afficher les tâches à priorité moyenne",
                "mostrar_prioridad_alta": "Afficher les tâches à haute priorité",
                "mostrar_tareas_az": "Afficher les tâches triées par titre de A à Z",
                "mostrar_tareas_za": "Afficher les tâches triées par titre de Z à A",
                "mostrar_tareas_19": "Afficher les tâches triées par date de la plus ancienne à la plus récente",
                "mostrar_tareas_91": "Afficher les tâches triées par date de la plus récente à la plus ancienne",
                "marcar_completa_incompleta": "Marquer la tâche comme terminée ou incomplète",
                "ver_tarea": "Voir la tâche",
                "lista_no_seleccionada": "Vous devez sélectionner une liste"
            },
            "Pagina_listas": {
                "titulo": "Listes",
                "titulo_lista": "Titre de la liste",
                "editar_lista": "Modifier la liste",
                "borrar_lista": "Supprimer la liste",
                "pregunta_borrar_lista": "Êtes-vous sûr de vouloir supprimer la liste?",
                "lista_creada": "Liste créée",
                "titulo_no_valido": "Le titre de la liste n'est pas valide",
                "lista_no_creada": "La liste n'a pas pu être créée",
                "lista_editada": "Liste modifiée",
                "lista_no_editada": "La liste n'a pas pu être modifiée",
                "lista_borrada": "Liste supprimée",
                "lista_no_borrada": "La liste n'a pas pu être supprimée",
                "crear_lista": "Créer une liste",
                "ver_tareas_lista": "Voir les tâches de la liste"
            },
            "Pagina_inicio_registro": {
                "titulo_inicio": "Connexion",
                "titulo_registro": "Inscription",
                "iniciar_sesion": "Se connecter",
                "registrarse": "S'inscrire",
                "contrasenia": "Mot de passe",
                "repetir_contrasenia": "Répéter le mot de passe",
                "email_supera_caracteres": "L'email ne peut pas dépasser 255 caractères",
                "email_no_valido": "L'email n'est pas valide",
                "email_ya_registrado": "L'email est déjà enregistré",
                "contrasenia_no_coincide": "Les mots de passe ne correspondent pas",
                "contrasenia_invalida": "Mot de passe invalide : nécessite des majuscules, des minuscules, des chiffres, et entre 4-50 caractères",
                "cuenta_creada": "Compte créé",
                "no_puede_crear_usuario": "L'utilisateur n'a pas pu être créé",
                "email_no_registrado": "L'email n'est pas enregistré",
                "email_contrasenia_no_coinciden": "L'email et le mot de passe ne correspondent pas",
                "confirmar_email": "Confirmer l'email",
                "introduzca_codigo": "Entrez le code envoyé à votre email",
                "enviar_codigo": "Envoyer le code",
                "codigo_incorrecto": "Le code saisi est incorrect",
                "confirmacion_asunto": "Code de vérification pour se connecter à TareApp",
                "confirmacion_mensaje": "Bonjour,\n\nPour compléter votre connexion à TareApp, saisissez le code de vérification suivant dans l'application :\n\n{codigo}\n\nSi vous n'avez pas demandé ce code, vous pouvez ignorer ce message.\n\nCordialement,\nL'équipe de TareApp.",
                "enviando_codigo": "Envoi du code..."
            },
            "Pagina_ajustes_cuenta": {
                "titulo_pagina": "Paramètres du compte",
                "cambiar_email": "Changer l'email",
                "cambiar_contrasenia": "Changer le mot de passe",
                "borrar_cuenta": "Supprimer compte",
                "nuevo_email": "Nouvel email",
                "repetir_email": "Répéter l'email",
                "nuevo_contrasenia": "Nouveau mot de passe",
                "repetir_contrasenia": "Répéter le mot de passe",
                "pregunta_borrar_cuenta": "Êtes-vous sûr de vouloir supprimer le compte?",
                "emails_no_coinciden": "Les emails ne correspondent pas",
                "email_actualizado": "Email mis à jour",
                "email_no_actualizado": "L'email n'a pas pu être mis à jour",
                "contrasenia_actualizada": "Mot de passe mis à jour",
                "contrasenia_no_actualizada": "Le mot de passe n'a pas pu être mis à jour",
                "cuenta_borrada": "Compte supprimé",
                "cuenta_no_borrada": "Le compte n'a pas pu être supprimé"
            },
            "Pagina_notas": {
                "titulo": "Notes",
                "crear_nota": "Créer une note",
                "editar_nota": "Modifier la note",
                "borrar_nota": "Supprimer la note",
                "pregunta_borrar_nota": "Êtes-vous sûr de vouloir supprimer la note ?",
                "resultado_borrar_nota": "Note supprimée avec succès",
                "nota_creada": "Note créée",
                "nota_editada": "Note modifiée",
                "nota_borrada": "Note supprimée",
                "nota_no_creada": "La note n'a pas pu être créée",
                "nota_no_editada": "La note n'a pas pu être modifiée",
                "nota_no_borrada": "La note n'a pas pu être supprimée",
                "descripcion_supera_caracteres": "La description ne peut pas dépasser 250 caractères"
            }
        }
    ]
}
